{
  "total_objects": 763,
  "parsed_objects": 614,
  "coverage": 80.5,
  "by_object_type": {
    "Table": {
      "total": 500,
      "parsed": 352,
      "coverage": 70.4
    },
    "View": {
      "total": 61,
      "parsed": 60,
      "coverage": 98.4
    },
    "Stored Procedure": {
      "total": 202,
      "parsed": 202,
      "coverage": 100.0
    }
  },
  "by_primary_source": {
    "parser": 202,
    "dmv": 46,
    "ai": 104,
    "metadata": 262
  },
  "object_type_counts": {
    "Table": 500,
    "View": 61,
    "Stored Procedure": 202
  },
  "confidence_statistics": {
    "scope": "ALL objects (note: use by_object_type for specific scopes)",
    "average": 0.6756225425950196,
    "min": 0.5,
    "max": 1.0,
    "high_confidence_count": 582,
    "medium_confidence_count": 0,
    "low_confidence_count": 32,
    "by_object_type": {
      "stored_procedures": {
        "total": 202,
        "high": 170,
        "medium": 0,
        "low": 32
      },
      "views": {
        "total": 61,
        "high": 60,
        "medium": 0,
        "low": 0
      },
      "tables": {
        "total": 500,
        "high": 352,
        "medium": 0,
        "low": 0
      }
    }
  }
}